-- Insertar datos en la tabla cliente
INSERT INTO cliente (documento, nombre, telefono, direccion)
VALUES
('cc1019502918', 'Luis Rodriguez', '3214657898', 'Bogotá, Av. Ciudad de Cali #26-41'),
  ('ti6549841', 'Cesar Leguizamo', '3152457895', 'Cali, Calle 12 #15-24'),
  ('CE3548796210', 'Ivan Leon', '3205748124', 'Medellín, Carrera 25 #12-62'),
  ('cc2154698302', 'Laura Gomez', '3105874123', 'Barranquilla, Calle 45 #18-32'),
  ('ti7845120', 'María Duarte', '3189657420', 'Cartagena, Av. San Martín #10-15'),
  ('CE1258793620', 'Carlos Rojas', '3224587963', 'Bucaramanga, Carrera 10 #8-75'),
  ('cc3012546987', 'Ana Herrera', '3178965201', 'Cúcuta, Calle 15 #20-30'),
  ('ti7410258', 'Diego Ramirez', '3108745962', 'Villavicencio, Carrera 30 #5-45'),
  ('CE8756932140', 'Mónica López', '3196574820', 'Pereira, Calle 8 #16-12'),
  ('cc5412365987', 'Pedro Cruz', '3154123654', 'Santa Marta, Av. Libertador #22-18'),
  ('ti3025698', 'Sandra Morales', '3205874215', 'Manizales, Carrera 18 #25-30'),
  ('CE4598720365', 'Javier Medina', '3178456210', 'Ibagué, Calle 20 #12-10'),
  ('cc9584612563', 'Diana Castro', '3125874698', 'Pasto, Carrera 12 #10-35'),
  ('ti1254870', 'Andrés Herrera', '3136985472', 'Armenia, Av. Bolívar #14-21'),
  ('CE3652147980', 'Natalia Pineda', '3168745201', 'Neiva, Calle 7 #22-19'),
  ('cc3652147801', 'Jorge Mendoza', '3115867420', 'Popayán, Carrera 5 #10-22'),
  ('ti3652147802', 'Mariana Sánchez', '3145874120', 'Tunja, Av. Universitaria #18-25'),
  ('CE3652147803', 'Alejandro Torres', '3174158692', 'Sincelejo, Calle 10 #15-28'),
  ('cc3652147804', 'Patricia Ríos', '3105879634', 'Riohacha, Carrera 25 #30-17'),
  ('ti3652147805', 'Gustavo Peña', '3154875201', 'Quibdó, Calle 15 #12-30'),
  ('CE3652147806', 'Camila Ortega', '3197458620', 'Mocoa, Av. Amazonas #22-18'),
  ('cc3652147807', 'Lorena Romero', '3125874102', 'Mitú, Carrera 20 #15-25'),
  ('ti3652147808', 'Daniel Paredes', '3136952478', 'Puerto Carreño, Calle 12 #8-15'),
  ('CE3652147809', 'Valentina Gómez', '3165874102', 'San Andrés, Av. Las Américas #10-20'),
  ('cc3652147810', 'Ricardo Salazar', '3115874693', 'Leticia, Carrera 8 #5-12'),
  ('ti3652147811', 'Carolina Osorio', '3145874102', 'Inírida, Calle 10 #15-25'),
  ('CE3652147812', 'Mauricio Arango', '3174158694', 'Arauca, Av. Santander #20-15'),
  ('cc3652147813', 'Estefanía Muñoz', '3105879654', 'Yopal, Carrera 25 #30-18'),
  ('ti3652147814', 'Luisa Ramírez', '3154875241', 'Florencia, Calle 15 #12-31'),
  ('CE3652147815', 'Sebastián Aguirre', '3197458623', 'Valledupar, Av. Simón Bolívar #22-19'),
  ('cc3652147816', 'Isabella Vargas', '3125874101', 'Barrancabermeja, Carrera 20 #15-26'),
  ('ti3652147817', 'Felipe Rojas', '3136952475', 'Montería, Calle 12 #8-16'),
  ('CE3652147818', 'Juliana López', '3165874104', 'Quibdó, Av. Colombia #10-21'),
  ('cc3652147819', 'Andrés Pérez', '3115874698', 'Santa Marta, Carrera 8 #5-13'),
  ('ti3652147820', 'Valeria Torres', '3145874103', 'Riohacha, Calle 10 #15-26'),
  ('CE3652147821', 'Gonzalo Cruz', '3174158693', 'Cúcuta, Av. Libertadores #20-16'),
  ('cc3652147822', 'Laura Montoya', '3105879635', 'Bucaramanga, Carrera 25 #30-19'),
  ('ti3652147823', 'Sebastián Ríos', '3154875204', 'Pereira, Calle 15 #12-32'),
  ('CE3652147824', 'María Fernández', '3197458622', 'Cali, Av. Simón Bolívar #22-20'),
  ('cc3652147825', 'Diego Rodríguez', '3125874100', 'Bogotá, Carrera 20 #15-27'),
  ('ti3652147826', 'Sofía Gutiérrez', '3136952476', 'Medellín, Calle 12 #8-17'),
  ('CE3652147827', 'Andrea Castro', '3165874106', 'Cali, Av. Colombia #10-22'),
  ('cc3652147828', 'Juan Torres', '3115874697', 'Bogotá, Carrera 8 #5-14'),
  ('ti3652147829', 'Daniela Sánchez', '3145874105', 'Medellín, Calle 10 #15-27'),
  ('CE3652147830', 'Carlos Mendoza', '3174158695', 'Bogotá, Av. Libertadores #20-17'),
  ('cc3652147831', 'Ana Ramírez', '3105879636', 'Cali, Carrera 25 #30-20'),
  ('ti3652147832', 'Andrés Gómez', '3154875203', 'Medellín, Calle 15 #12-33'),
  ('CE3652147833', 'Valentina Ríos', '3197458621', 'Cali, Av. Simón Bolívar #22-21'),
  ('cc3652147834', 'Juanita López', '3125874103', 'Medellín, Carrera 20 #15-28'),
  ('ti3652147835', 'Manuel Pérez', '3136952474', 'Cali, Calle 12 #8-18'),
  ('CE3652147836', 'Gabriela Torres', '3165874107', 'Bogotá, Av. Colombia #10-23');

-- Insertar datos en la tabla venta
INSERT INTO venta (venta, documento_cliente, valor_total, metodo_pago)
VALUES
  (200, 'cc1019502918', 12000.00, 'Efectivo'),
  (201, 'ti6549841', 16000.00, 'Tarjeta Débito'),
  (202, 'CE3548796210', 200000.00, 'Efectivo'),
  (203, 'cc2154698302', 8000.00, 'Efectivo'),
  (204, 'ti7845120', 50000.00, 'Tarjeta Crédito'),
  (205, 'CE1258793620', 150000.00, 'Efectivo'),
  (206, 'cc3012546987', 25000.00, 'Efectivo'),
  (207, 'ti7410258', 30000.00, 'Tarjeta Débito'),
  (208, 'CE8756932140', 100000.00, 'Efectivo'),
  (209, 'cc5412365987', 7000.00, 'Efectivo'),
  (210, 'ti3025698', 90000.00, 'Tarjeta Crédito'),
  (211, 'CE4598720365', 180000.00, 'Efectivo'),
  (212, 'cc9584612563', 28000.00, 'Efectivo'),
  (213, 'ti1254870', 40000.00, 'Tarjeta Débito'),
  (214, 'CE3652147980', 250000.00, 'Efectivo'),
  (215, 'cc3652147801', 15000.00, 'Efectivo'),
  (216, 'ti3652147802', 50000.00, 'Tarjeta Crédito'),
  (217, 'CE3652147803', 190000.00, 'Efectivo'),
  (218, 'cc3652147804', 27000.00, 'Efectivo'),
  (219, 'ti3652147805', 35000.00, 'Tarjeta Débito'),
  (220, 'CE3652147806', 220000.00, 'Efectivo'),
  (221, 'cc3652147807', 11000.00, 'Efectivo'),
  (222, 'ti3652147808', 65000.00, 'Tarjeta Crédito'),
  (223, 'CE3652147809', 170000.00, 'Efectivo'),
  (224, 'cc3652147810', 26000.00, 'Efectivo'),
  (225, 'ti3652147811', 45000.00, 'Tarjeta Débito'),
  (226, 'CE3652147812', 230000.00, 'Efectivo'),
  (227, 'cc3652147813', 14000.00, 'Efectivo'),
  (228, 'ti3652147814', 55000.00, 'Tarjeta Crédito'),
  (229, 'CE3652147815', 210000.00, 'Efectivo'),
  (230, 'cc3652147816', 32000.00, 'Efectivo'),
  (231, 'ti3652147817', 40000.00, 'Tarjeta Débito'),
  (232, 'CE3652147818', 240000.00, 'Efectivo'),
  (233, 'cc3652147819', 13000.00, 'Efectivo'),
  (234, 'ti3652147820', 60000.00, 'Tarjeta Crédito'),
  (235, 'CE3652147821', 200000.00, 'Efectivo'),
  (236, 'cc3652147822', 30000.00, 'Efectivo'),
  (237, 'ti3652147823', 35000.00, 'Tarjeta Débito'),
  (238, 'CE3652147824', 190000.00, 'Efectivo'),
  (239, 'cc3652147825', 12000.00, 'Efectivo'),
  (240, 'ti3652147826', 70000.00, 'Tarjeta Crédito'),
  (241, 'CE3652147827', 180000.00, 'Efectivo'),
  (242, 'cc3652147828', 29000.00, 'Efectivo'),
  (243, 'ti3652147829', 38000.00, 'Tarjeta Débito'),
  (244, 'CE3652147830', 250000.00, 'Efectivo'),
  (245, 'cc3652147831', 11000.00, 'Efectivo'),
  (246, 'ti3652147832', 55000.00, 'Tarjeta Crédito'),
  (247, 'CE3652147833', 170000.00, 'Efectivo'),
  (248, 'cc3652147834', 28000.00, 'Efectivo'),
  (249, 'ti3652147835', 45000.00, 'Tarjeta Débito'),
  (250, 'CE3652147836', 230000.00, 'Efectivo');

-- Insertar datos en la tabla producto
INSERT INTO producto (nombre)
VALUES
 ('Platano maduro'),
  ('Panela'),
  ('Papa'),
  ('Arroz'),
  ('Leche'),
  ('Azúcar'),
  ('Cebolla'),
  ('Tomate'),
  ('Yuca'),
  ('Carne de res'),
  ('Pollo'),
  ('Huevos'),
  ('Sal'),
  ('Aceite de oliva'),
  ('Harina de trigo'),
  ('Café'),
  ('Atún enlatado'),
  ('Avena'),
  ('Lentejas'),
  ('Frijoles'),
  ('Manzana'),
  ('Naranja'),
  ('Banano'),
  ('Mango'),
  ('Limón'),
  ('Piña'),
  ('Sandía'),
  ('Mantequilla'),
  ('Queso'),
  ('Jamón'),
  ('Yogur'),
  ('Galletas'),
  ('Pan'),
  ('Chocolate'),
  ('Miel'),
  ('Mostaza'),
  ('Vinagre'),
  ('Salsa de tomate'),
  ('Mayonesa'),
  ('Sopa enlatada'),
  ('Pasta'),
  ('Pescado'),
  ('Salmón'),
  ('Nuez'),
  ('Almendra'),
  ('Avellana'),
  ('Pistacho'),
  ('Coco'),
  ('Pasas'),
  ('Chocolate en polvo');

-- Insertar datos en la tabla detalle_venta
INSERT INTO detalle_venta (venta, producto_id, cantidad)
VALUES
  (200, 1, 2),
  (200, 2, 3),
  (200, 3, 5),
  (201, 4, 1),
  (201, 5, 2),
  (201, 6, 4),
  (202, 7, 3),
  (202, 8, 2),
  (202, 9, 6),
  (203, 10, 4),
  (203, 11, 2),
  (203, 12, 3),
  (204, 13, 1),
  (204, 14, 5),
  (204, 15, 2),
  (205, 16, 3),
  (205, 17, 4),
  (205, 18, 2),
  (206, 19, 2),
  (206, 20, 3),
  (206, 21, 1),
  (207, 22, 4),
  (207, 23, 2),
  (207, 24, 3),
  (208, 25, 1),
  (208, 26, 2),
  (208, 27, 4),
  (209, 28, 3),
  (209, 29, 2),
  (209, 30, 6),
  (210, 31, 4),
  (210, 32, 2),
  (210, 33, 3),
  (211, 34, 1),
  (211, 35, 5),
  (211, 36, 2),
  (212, 37, 3),
  (212, 38, 4),
  (212, 39, 2),
  (213, 40, 2),
  (213, 41, 3),
  (213, 42, 1),
  (214, 43, 4),
  (214, 44, 2),
  (214, 45, 3),
  (215, 46, 1),
  (215, 47, 2),
  (215, 48, 6),
  (216, 49, 4),
  (216, 50, 2),
  (216, 1, 3);

-- Insertar datos en la tabla factura
INSERT INTO factura (FACTURA_NUMERO, venta)
VALUES
  (1, 200),
  (2, 201),
  (3, 202),
  (4, 203),
  (5, 204),
  (6, 205),
  (7, 206),
  (8, 207),
  (9, 208),
  (10, 209),
  (11, 210),
  (12, 211),
  (13, 212),
  (14, 213),
  (15, 214),
  (16, 215),
  (17, 216),
  (18, 217),
  (19, 218),
  (20, 219),
  (21, 220),
  (22, 221),
  (23, 222),
  (24, 223),
  (25, 224),
  (26, 225),
  (27, 226),
  (28, 227),
  (29, 228),
  (30, 229),
  (31, 230),
  (32, 231),
  (33, 232),
  (34, 233),
  (35, 234),
  (36, 235),
  (37, 236),
  (38, 237),
  (39, 238),
  (40, 239),
  (41, 240),
  (42, 241),
  (43, 242),
  (44, 243),
  (45, 244),
  (46, 245),
  (47, 246),
  (48, 247),
  (49, 248),
  (50, 249);

select * from cliente,detalle_venta,factura,producto,venta;

select * from cliente;